node,children_node
AccountReceivableConcent,
AccountReceivableConcentDev,
AccountReceivableConcentration,
AccountReceivableConcentrationDeviation,
AccountsPayabelTurnoverV2,
AccountsPayableTurnoverDev,
AccountsPayableTurnoverDeviation,
AdjustAbnormal,AssetsAdjustDeviationLyr
AdjustAbnormal,LiabilityAdjustDeviationLyr
AdjustAbnormal,NetAssetsAdjustDeviationLyr
AdjustAbnormal,OperateCashFlowInAdjustDeviationLyr
AdjustAbnormal,OperateProfitAdjustDeviationLyr
AdjustAbnormal,OperateRevenueAdjustDeviationLyr
AdjustAbnormal,SAFRExpenseAdjustDeviationLyr
AdvancedPaymentAbnormal,AdvancedPaymentRatioLr
AdvancedPaymentRatioLr,
AdvancedPaymentRatioLrStar,
AdvancedRece2RevenueGrowthTtm,
AdvancedRece2RevenueIndustryDeviationTtm,
AdvancedRece2RevenueStdTtm,
AdvancedRece2RevenueTtm,
AdvanceReceiptsCarryOverSpeed,
appendix_0625,
AR2CurrentAssetsIndustryDeviation_v2,
AR2CurrentAssetsLr2,
AR2CurrentAssetsLrStar,
AR2RevenueGrowthTtm,
AR2RevenueIndustryDeviationTtm,
AR2RevenueStdTtm,
AR2RevenueTtm,
ARAbnormal,AR2CurrentAssetsLr2
AreaEcoStrength,
AreaFinStrength,
AreaMacroData,
ARGrowthLr,
ARGrowthLrStar,
ARTurnoverIndustryDeviationTtm,
ARTurnoverIndustryDeviationTtmStar,
AssetsAccountAbnormal,AdvancedPaymentAbnormal
AssetsAccountAbnormal,ARAbnormal
AssetsAccountAbnormal,InventoryAbnormal
AssetsAccountAbnormal,InventoryAndRevenueGrowthConflict
AssetsAccountAbnormal,ORMergeAndParentDevationAbnormal
AssetsAccountAbnormal,OtherARAbnroaml
AssetsAccountAbnormal,OtherCurrentAssetsAbnormal
AssetsAccountAbnormal,OverARTurnoverIndustryDeviation
AssetsAccountAbnormal,OverInventoryTurnoverDeviation
AssetsAccountAbnormal,OverLiability2NetAssets
AssetsAccountAbnormal,OverLiabilityGrowth
AssetsAccountAbnormal,OverLiabilitySupport
AssetsAccountAbnormal,ParentEquityAbnormal
AssetsAccountAbnormal,RevenueAndARGrowthDeviationAbnormal
AssetsAccountAbnormal_v2,AdvancedPaymentAbnormal
AssetsAccountAbnormal_v2,InventoryAbnormal
AssetsAccountAbnormal_v2,InventoryAndRevenueGrowthConflict
AssetsAccountAbnormal_v2,ORMergeAndParentDevationAbnormal
AssetsAccountAbnormal_v2,OtherARAbnroaml
AssetsAccountAbnormal_v2,OtherCurrentAssetsAbnormal
AssetsAccountAbnormal_v2,OverAR2CurrentAssetsIndustryDeviation_v2
AssetsAccountAbnormal_v2,RevenueAndARGrowthDeviationAbnormal
AssetsAdjustDeviationLyr,
AssetsTurnoverIndustryDeviationLr,
AssetsTurnoverIndustryDeviationLrStar,
AuditAbnormal,OpinionAbnormal
BadARPreparationRate,
benchmark_track_ability_for_index,
bond_convertible_factor,
bond_coupon_factor,
bond_currency_factor,
bond_default_factor,
bond_leverage_factor,
bond_momentum_factor,
bond_STB_DTS,
bull_bear_return,
bull_bear_return_bond,
campisi_manager_bond_attribution,
CapitalExpense5year,
CapitalizationOfInterestExpenditureRate,
CapitalizationOfInterestExpenditureRateDeviation,
Cash2TotalAssets,
Cash2TotalAssetsDeviation,
CashAccountAbnormal,CashAndLoanAbnormal
CashAccountAbnormal,InterestRatioAbnoraml
CashAccountAbnormal,UnderCashRatio
CashAccountAbnormal,UnderInterestRate
CashAccountAbnormal_v2,CashAndLoanAbnormal
CashAccountAbnormal_v2,InterestRatioAbnoraml
CashAccountAbnormal_v2,UnderCashRatio
CashAccountAbnormal_v2,UnderInterestRate_v2
CashAndLoanAbnormal,CashRatioLr
CashAndLoanAbnormal,InterestBearingRatioLr
CashAndLoanAbnormal,STDebt2CurrentLiabilityLr
CashAndLoanAbnormal,STLoan2CashLr
CashEquivalents2ShortTermInterestBearDebtDeviation,
CashEquivalents2ShortTermInterestBearDebt_v2,
CashflowAccountAbnormal,NetOperateCashflowAbnormal
CashflowAccountAbnormal,OperateCashflowInAbnormal
CashflowAccountAbnormal,OverCashInterestMultipleIndustryDeviation
CashflowAccountAbnormal,OverCashRecoveryRateIndustryDeviation
CashflowAccountAbnormal_v2,NetOperateCashflowAbnormal
CashflowAccountAbnormal_v2,OperateCashflowInAbnormal
CashflowAccountAbnormal_v2,OverCashInterestMultipleIndustryDeviation
CashflowAccountAbnormal_v2,OverCashRecoveryRateIndustryDeviation
cashflow_factor,
CashRatioLr,
CashRatioLrStar,
CashRecoveryRateIndustryDeviationTtm,
Cash_InteretMultiIndustryDeviationLyr,
CFFODistress,
company_cval,
compind_code_lv1_sw,
compind_code_lv2_sw,
compind_code_lv3_sw,
ComputedInterestRatioLyr,
ComputedInterestRatioLyrStar,
ConvertibleRate,
CorporateGovernanceAbnormal,SPandRevenueGrowthConflict
CreditSpread,
CurrencyRate,
CurrentRatio,
CurrentRatioIndustryDeviationLr,
CutNPRatio2IndustryPercentile,
DebtAssetRatioWithoutAdvReceipts_v2,
DefaultRisk,
DeferredExpenseAbnormalSignal,DeferredExpenseGrowthLyr
DeferredExpenseAbnormalSignal,SAFRExpenseRatioGrowthLyr
DeferredExpenseGrowthLyr,
DeInventorySpeed,
dep_fund_antirisk_capacity,
dep_fund_attributution_stability_capacity,
dep_fund_downside_dev,
dep_fund_drawdown_performance,
dep_fund_dressing,
dep_fund_excess_return_sd,
dep_fund_maxdrawd,
dep_fund_pdi,
dep_fund_return_performance,
dep_fund_return_sd,
dep_manager_cumulative_manage_fund_quantity,
dep_manager_industry_attribution,
dep_manager_invest_behaviour,
dep_manager_performance_stability,
dep_manager_return_type_rankings,
dep_style_allocation_ability,
dep_style_shift_ability,
EBIT2InterestBearingDebtDev,
EBIT2InterestBearingDebtDeviation,
EBIT2InterestBearingDebtLyr,
EquotionAbnormal,AdjustAbnormal
EquotionAbnormal,RetainedEarningAbnormal
EquotionAbnormal_v2,AdjustAbnormal
Expense2InterestBearingDebt,
Expense2RevenueGrowthAbnormal,SAFRExpenseRatioGrowthTtm
ExpenseAndRevenueGrowthDeviation,OperateRevenueGrowthTtm
ExpenseAndRevenueGrowthDeviation,SAFRExpenseGrowthTtm
ExpenseCostAbnormal,DeferredExpenseAbnormalSignal
ExpenseCostAbnormal,Expense2RevenueGrowthAbnormal
ExpenseCostAbnormal,ExpenseAndRevenueGrowthDeviation
ExpenseCostAbnormal_v2,DeferredExpenseAbnormalSignal
ExpenseCostAbnormal_v2,Expense2RevenueGrowthAbnormal
ExpenseCostAbnormal_v2,ExpenseAndRevenueGrowthDeviation
expert_scoring_model,AssetsAccountAbnormal
expert_scoring_model,AuditAbnormal
expert_scoring_model,CashAccountAbnormal
expert_scoring_model,CashflowAccountAbnormal
expert_scoring_model,CorporateGovernanceAbnormal
expert_scoring_model,EquotionAbnormal
expert_scoring_model,ExpenseCostAbnormal
expert_scoring_model,GrossMarginAbnormal
expert_scoring_model,GrowthAbnormal
expert_scoring_model,OperationAbnormal
expert_scoring_model,OverGoodWill
expert_scoring_model,OverIntangibleAssets
expert_scoring_model,ProfitAbnormal
expert_scoring_model,RefinanceAbnormal
expert_scoring_model,RevenueAbnormal
expert_scoring_model,SolvencyAbnormal
expert_scoring_model,TaxAbnormal
expert_scoring_model_v2,AssetsAccountAbnormal_v2
expert_scoring_model_v2,AuditAbnormal
expert_scoring_model_v2,CashAccountAbnormal_v2
expert_scoring_model_v2,CashflowAccountAbnormal_v2
expert_scoring_model_v2,EquotionAbnormal_v2
expert_scoring_model_v2,ExpenseCostAbnormal_v2
expert_scoring_model_v2,FinanceAbnormal_v2
expert_scoring_model_v2,GrossMarginAbnormal_v2
expert_scoring_model_v2,GrowthAbnormal_v2
expert_scoring_model_v2,IFEffect_v2
expert_scoring_model_v2,OperationAbnormal_v2
expert_scoring_model_v2,OverGoodWill_v2
expert_scoring_model_v2,OverIntangibleAssets
expert_scoring_model_v2,ParentEquityAbnormal
expert_scoring_model_v2,ProfitAbnormal_v2
expert_scoring_model_v2,QuarterRevenueAbnormal
expert_scoring_model_v2,RevenueAbnormal_v2
expert_scoring_model_v2,SolvencyAbnormal_v2
expert_scoring_model_v2,TaxAbnormal_v2
expert_scoring_model_v2,vote_AdvancedPaymentAbnormal_v2
expert_scoring_model_v2,vote_AuditAbnormal_v2
expert_scoring_model_v2,vote_Expense2RevenueGrowthAbnormal_v2
expert_scoring_model_v2,vote_InventoryAbnormal_v2
expert_scoring_model_v2,vote_NegeRevenueGrowth_v2
expert_scoring_model_v2,vote_OtherARAbnroaml_v2
expert_scoring_model_v2,vote_OverLiabilitySupport_v2
expert_scoring_model_v2,vote_UnderCashRatio_v2
expert_scoring_model_v2,vote_UnderEBIT2InterestBearingDebt_v2
Finance2InvestmentAmount3Year_v2,
FinanceAbnormal_v2,FinanceAndInvestmentAmountConflict_v2
FinanceAbnormal_v2,OverFinancingUnderDebtRatioIsHigh_v2
FinanceAbnormal_v2,OverFinancingUnderLowROE_v2
FinanceAbnormal_v2,OverFinancingUnderRepaymentPressure_v2
FinanceAmount5YearLyr_new,
FinanceAmount5YearLyr_newStar,
FinanceAndInvestmentAmountConflict,RefinanceAndInvestmentAbnormal_new
FinanceAndInvestmentAmountConflict_v2,Finance2InvestmentAmount3Year_v2
FinancialExpense2RevenueGrowthTtm,
FinancialExpense2RevenueIndustryDeviationTtm,
FinancialExpense2RevenueStdTtm,
FinancialExpense2RevenueTtm,
FinAppendixAdds,
FinishedProduct2InventoryR,
FinishedProduct2InventoryRDev,
FinishedProductsInInventoryRatio,
FinishedProductsInInventoryRatioDeviation,
fin_notes_asset_debt_1,
fin_notes_asset_debt_2,
fin_notes_company_credit_code,
fin_notes_gov_relation,
fin_notes_profit,
fin_notes_related_trade,
fin_notes_restricted_asset,
First3ShareholdersConcentration,
FOCFDistress,
foresight,
fund_alpha,
fund_antirisk_capacity,dep_fund_antirisk_capacity
fund_assetallocation_stockselection_ability,
fund_attributution_stability_capacity,dep_fund_attributution_stability_capacity
fund_benchmark_percentage,
fund_benchmark_track_ability,
fund_beta,
fund_calmar_ratio,
fund_campisi,
fund_corr_coeficient,
fund_downside_dev,dep_fund_downside_dev
fund_downside_risk,
fund_drawdown_performance,dep_fund_drawdown_performance
fund_dressing,dep_fund_dressing
fund_excess_return_ability,
fund_excess_return_sd,dep_fund_excess_return_sd
fund_fundamentals,
fund_holding_analysis,
fund_holding_concentration,
fund_industry_allocation_ability,
fund_industry_concentration,
fund_indu_holding_analysis,
fund_invisible,
fund_jenson_ratio,
fund_leverage,
fund_liquidity_risk,
fund_management_fee,
fund_manager_performance_stability,dep_manager_performance_stability
fund_maxdrawd,dep_fund_maxdrawd
fund_pdi,dep_fund_pdi
fund_purchase_fee,
fund_redemption_fee,
fund_region_concentration,
fund_return_performance,dep_fund_return_performance
fund_return_risk_ratio,
fund_return_sd,dep_fund_return_sd
fund_riskadjusted_return_ability,
fund_risk_level,
fund_sales_fee,
fund_sharpe_ratio,
fund_sortino_ratio,
fund_stock_ratio_in_nv,
fund_subscription_fee,
fund_theme_holding_analysis,
fund_treynor_ratio,
fund_trustee_fee,
fund_upside_downside_invest_ability,
fund_var,
fund_violation,
GoodWill2NetAssetsLr,
GoodWill2NetAssetsLrStar,
Goodwill2ProfitLr,
Goodwill2ProfitLrStar,
GoodwillAbnormal,GoodWill2NetAssetsLr
GoodwillAbnormal,Goodwill2ProfitLr
GrossMarginAbnormal,GrossMarginAndSAFRExpenseRatioAbnormal
GrossMarginAbnormal,InventoryTurnoverAndGrossMarginConflict
GrossMarginAbnormal,OverGrossMarginIndustryDeviation
GrossMarginAbnormal,OverGrossMarginStd
GrossMarginAbnormal_v2,GrossMarginAndSAFRExpenseRatioAbnormal
GrossMarginAbnormal_v2,InventoryTurnoverAndGrossMarginConflict
GrossMarginAbnormal_v2,OverGrossMarginIndustryDeviation
GrossMarginAbnormal_v2,OverGrossMarginStd
GrossMarginAndSAFRExpenseRatioAbnormal,GrossMarginTtm
GrossMarginAndSAFRExpenseRatioAbnormal,SAFRExpenseRatioTtm
GrossMarginGrowthLyr,
GrossMarginGrowthLyrStar,
GrossMarginIndustryDeviationTtm,
GrossMarginStdTtm,
GrossMarginTtm,
GrossMarginTtmStar,
GroupCorr,
GrowthAbnormal,NegaMarketShareGrowth
GrowthAbnormal,NegaNetAssetsGrowth
GrowthAbnormal,OperateProfitAbnormal
GrowthAbnormal,RevenueGrowthAbnormal
GrowthAbnormal_v2,NegaMarketShareGrowth
GrowthAbnormal_v2,NegaNetAssetsGrowth
GrowthAbnormal_v2,OperateProfitAbnormal
GrowthAbnormal_v2,RevenueGrowthAbnormal
high_yield_bond_appendix_2,
hyy1_NetProfitDistress,
hyy_RateCurveLevel,
IFEffect_v2,
IncomeTaxAbnormal,IncomeTaxRateAbnormalLyr
IncomeTaxRateAbnormalLyr,
IndeSupeNum,
IndeSupeNum2BDNumber,
information_ratio_fator_analysis,
IntangibleRatioLr,
Interest2CapitaRatio,
Interest2CapitaRatioDev,
InterestBearingDebt2TotalAssetsDeviation,
InterestBearingLiability2MergedEquity_v2,
InterestBearingLiabilityLrGrowth_v2,
InterestBearingRatioLr,
InterestBearingRatioLrStar,
InterestExpense2InterestBearingDebt,
InterestExpense2InterestBearingDebtLyr,
InterestExpense2NetProfit,
InterestExpense2NetProfitDev,
InterestExpense2NetProfitDeviation,
InterestMultiple_v2,
InterestRateDiff,
InterestRatioAbnoraml,InterestRateDiff
InteretMultiIndustryDeviationLyr,
InventoryAbnormal,InventoryRatioLyr
InventoryAndRevenueGrowthConflict,InventoryOpreateRevenueGrwothDeviationTtm
InventoryOpreateRevenueGrwothDeviationTtm,
InventoryOpreateRevenueGrwothDeviationTtmStar,
InventoryRatioLyr,
InventoryRatioLyrStar,
InventoryTurnoverAndGrossMarginConflict,GrossMarginGrowthLyr
InventoryTurnoverAndGrossMarginConflict,InventoryTurnoverGrowthLyr
InventoryTurnoverGrowthLyr,
InventoryTurnoverGrowthLyrStar,
InventoryTurnoverIndustryDeviationTtm,
InventoryTurnoverIndustryDeviationTtmStar,
InvestmentCashFlowOutCumu5YearLyr,
InvestmentCashFlowOutCumu5YearLyrStar,
IsPoliticalCity,
IsResourceExhaustedCitiy,
IsStateOwned,
kurtosis_1m_21d_mean,
Liability2AssetsIndustryDeviationLr,
Liability2AssetsLr,
Liability2AssetsLrGrowth,
Liability2AssetsLrGrowthStar,
Liability2AssetsLrStar,
Liability2NetAssetsLr,
Liability2NetAssetsLrStar,
LiabilityAdjustDeviationLyr,
machine_scoring_model_v2,AdjustAbnormal
machine_scoring_model_v2,AdvancedPaymentAbnormal
machine_scoring_model_v2,AuditAbnormal
machine_scoring_model_v2,CashAndLoanAbnormal
machine_scoring_model_v2,CashEquivalents2ShortTermInterestBearDebt_v2
machine_scoring_model_v2,DebtAssetRatioWithoutAdvReceipts_v2
machine_scoring_model_v2,DeferredExpenseAbnormalSignal
machine_scoring_model_v2,Expense2RevenueGrowthAbnormal
machine_scoring_model_v2,ExpenseAndRevenueGrowthDeviation
machine_scoring_model_v2,FinanceAndInvestmentAmountConflict_v2
machine_scoring_model_v2,GrossMarginAndSAFRExpenseRatioAbnormal
machine_scoring_model_v2,IFEffect_v2
machine_scoring_model_v2,IncomeTaxAbnormal
machine_scoring_model_v2,InterestBearingLiability2MergedEquity_v2
machine_scoring_model_v2,InterestRatioAbnoraml
machine_scoring_model_v2,InventoryAbnormal
machine_scoring_model_v2,InventoryAndRevenueGrowthConflict
machine_scoring_model_v2,InventoryTurnoverAndGrossMarginConflict
machine_scoring_model_v2,NegaMarketShareGrowth
machine_scoring_model_v2,NegaNetAssetsGrowth
machine_scoring_model_v2,NegeRevenueGrowth
machine_scoring_model_v2,NetOperateCashflow2ARGrowthDeviation_v2
machine_scoring_model_v2,NetOperateCashflowAbnormal
machine_scoring_model_v2,OperateCashIn2RevenuGrwothConflict_v2
machine_scoring_model_v2,OperateProfitAbnormal
machine_scoring_model_v2,ORMergeAndParentDevationAbnormal
machine_scoring_model_v2,OtherARAbnroaml
machine_scoring_model_v2,OtherCurrentAssetsAbnormal
machine_scoring_model_v2,OverAR2CurrentAssetsIndustryDeviation_v2
machine_scoring_model_v2,OverARTurnoverIndustryDeviation
machine_scoring_model_v2,OverAssetsTurnoverIndustryDeviation
machine_scoring_model_v2,OverCashInterestMultipleIndustryDeviation
machine_scoring_model_v2,OverCashRecoveryRateIndustryDeviation
machine_scoring_model_v2,OverFinancingUnderDebtRatioIsHigh_v2
machine_scoring_model_v2,OverFinancingUnderLowROE_v2
machine_scoring_model_v2,OverFinancingUnderRepaymentPressure_v2
machine_scoring_model_v2,OverGoodWill_v2
machine_scoring_model_v2,OverGrossMarginIndustryDeviation
machine_scoring_model_v2,OverGrossMarginStd
machine_scoring_model_v2,OverIntangibleAssets
machine_scoring_model_v2,OverInterestExpense2InterestBearingDebt
machine_scoring_model_v2,OverInterestMultipleIndustryDeviation
machine_scoring_model_v2,OverInventoryTurnoverDeviation
machine_scoring_model_v2,OverLeverageIndusstryDeviation
machine_scoring_model_v2,OverLiabilityGrowth
machine_scoring_model_v2,OverLiabilitySupport
machine_scoring_model_v2,OverLiquidityIndustryDeviation
machine_scoring_model_v2,OverNetProfitIndustryDeviation_v2
machine_scoring_model_v2,OverNonOperIncomeRatio
machine_scoring_model_v2,OverQuickLiquidityIndustryDeviation
machine_scoring_model_v2,OverRecurNetProfitIndustryDeviation_v2
machine_scoring_model_v2,OverRecurRoaIndustryDeviation_v2
machine_scoring_model_v2,OverRoaIndustryDeviation_v2
machine_scoring_model_v2,ParentEquityAbnormal
machine_scoring_model_v2,QuarterRevenueAbnormal
machine_scoring_model_v2,RealEstateRedLine_v2
machine_scoring_model_v2,RevenueAndARGrowthDeviationAbnormal
machine_scoring_model_v2,RevenueGrowthAbnormal
machine_scoring_model_v2,UnderCashRatio
machine_scoring_model_v2,UnderEBIT2InterestBearingDebt
machine_scoring_model_v2,UnderInterestRate_v2
machine_scoring_model_v2,UnderNetOperateCashFlow2OperateProfit_v2
machine_scoring_model_v2,UnderOperateCashIn2Revenue_v2
MainOperIncomeRatio,
MainOperIncomeRatioDeviation,
ManagersPaymentRatio2IndustryPercentile,
manager_absolute_return_ability,
manager_asset_allocation_ability,
manager_attach_defense_ability,
manager_awards,
manager_bond_allocation_industry,
manager_cumulative_manage_fund_quantity,dep_manager_cumulative_manage_fund_quantity
manager_industry_attribution,dep_manager_industry_attribution
manager_invest_behaviour,dep_manager_invest_behaviour
manager_return_type_rankings,dep_manager_return_type_rankings
manager_sharp_ratio,
manager_stock_allocation_industry,
manager_style_preference,
manager_theme_concept,
manager_valuesize_attribution,
manager_violation,
manager_win_ratio,
MarketShareLTGrowthLyr,
NegaMarketShareGrowth,MarketShareLTGrowthLyr
NegaNetAssetsGrowth,NetAssetsGrwothLr
NegeRevenueGrowth,OperateRevenueGrowthTtm
NetAssetsAdjustDeviationLyr,
NetAssetsGrwothLr,
NetAssetsGrwothLrStar,
NetInterestBearingDebtRatio,
NetNonOperatingIncomeRatio,
NetNonOperatingIncomeRatioDev,
NetNonOperatingIncomeRatioDeviation,
NetOperateCashflow,
NetOperateCashflow2ARGrowthDeviation,NetOperateCashFlow2ARGrwothTtm
NetOperateCashflow2ARGrowthDeviation_v2,NetOperateCashFlow2ARGrwothTtm_v2
NetOperateCashFlow2ARGrwothTtm,
NetOperateCashFlow2ARGrwothTtm_v2,
NetOperateCashFlow2NetOperateProfitTtm,
NetOperateCashflowAbnormal,NetOperateCashflow
NetOperateCashflowAbnormal,NetOperateCashflowCumu5Year
NetOperateCashflowCumu5Year,
NetOperateCashFlowGrowth2RevenueGrwothTtm,
NetOperateCashFlowGrowth2RevenueGrwothTtm_v2,
NetprofitIndustryDeviationTtm,
NonOperIncome2NetProfitTtm,
OperateCashFlowIn2RevenueGrowthTtm,
OperateCashflowInAbnormal,
OperateCashFlowInAdjustDeviationLyr,
OperateCashflowInSum,
OperateCashIn2RevenuGrwothConflict,OperateCashFlowIn2RevenueGrowthTtm
OperateCashIn2RevenuGrwothConflict_v2,OperateCashFlowIn2RevenueGrowthTtm
OperateProfitAbnormal,OperateProfitLyr
OperateProfitAdjustDeviationLyr,
OperateProfitLyr,
OperateProfitLyrStar,
OperateRevenueAdjustDeviationLyr,
OperateRevenueGrowthLyr,
OperateRevenueGrowthLyrStar,
OperateRevenueGrowthSq,
OperateRevenueGrowthTtm,
OperateRevenueGrowthTtmStar,
OperationAbnormal,NetOperateCashflow2ARGrowthDeviation
OperationAbnormal,OperateCashIn2RevenuGrwothConflict
OperationAbnormal,OverARTurnoverIndustryDeviation
OperationAbnormal,OverAssetsTurnoverIndustryDeviation
OperationAbnormal,OverInventoryTurnoverDeviation
OperationAbnormal_v2,NetOperateCashflow2ARGrowthDeviation_v2
OperationAbnormal_v2,OperateCashIn2RevenuGrwothConflict_v2
OperationAbnormal_v2,OverARTurnoverIndustryDeviation
OperationAbnormal_v2,OverAssetsTurnoverIndustryDeviation
OperationAbnormal_v2,OverInventoryTurnoverDeviation
OperProfit2CFFODeviation,
OpinionAbnormal,
OpinionAbnormalStar,
ORMergeAndParentDevationAbnormal,ORMergeAndParentDevationLr
ORMergeAndParentDevationLr,
ORMergeAndParentDevationLrStar,
OtherARAbnroaml,OtherARRatioLr
OtherARRatioLr,
OtherARRatioLrStar,
OtherCurrentAssetsAbnormal,
OtherCurrentAssetsRatioGrwothLr,
OtherCurrentAssetsRatioGrwothLrStar,
OtherCurrentAssetsRatioLr,
OtherCurrentAssetsRatioLrStar,
OverAR2CurrentAssetsIndustryDeviation_v2,AR2CurrentAssetsIndustryDeviation_v2
OverARTurnoverIndustryDeviation,ARTurnoverIndustryDeviationTtm
OverAssetsTurnoverIndustryDeviation,AssetsTurnoverIndustryDeviationLr
OverCashInterestMultipleIndustryDeviation,Cash_InteretMultiIndustryDeviationLyr
OverCashRecoveryRateIndustryDeviation,CashRecoveryRateIndustryDeviationTtm
OverFinance,CapitalExpense5year
OverFinance,RefinanceAmount5Year
OverFinance,RefinanceCount5Year
OverFinancingUnderDebtRatioIsHigh_v2,InterestBearingLiabilityLrGrowth_v2
OverFinancingUnderDebtRatioIsHigh_v2,Liability2AssetsLr
OverFinancingUnderLowROE_v2,InterestBearingLiabilityLrGrowth_v2
OverFinancingUnderLowROE_v2,RecurNetprofit_v2
OverFinancingUnderRepaymentPressure_v2,InterestBearingLiabilityLrGrowth_v2
OverFinancingUnderRepaymentPressure_v2,InterestMultiple_v2
OverGoodWill,Goodwill2ProfitLr
OverGoodWill_v2,GoodWill2NetAssetsLr
OverGoodWill_v2,Goodwill2ProfitLr
OverGrossMarginIndustryDeviation,GrossMarginIndustryDeviationTtm
OverGrossMarginStd,GrossMarginStdTtm
OverIntangibleAssets,IntangibleRatioLr
OverInterestExpense2InterestBearingDebt,InterestExpense2InterestBearingDebtLyr
OverInterestMultipleIndustryDeviation,InteretMultiIndustryDeviationLyr
OverInventoryTurnoverDeviation,InventoryTurnoverIndustryDeviationTtm
OverLeverageIndusstryDeviation,Liability2AssetsIndustryDeviationLr
OverLiability2NetAssets,Liability2AssetsLr
OverLiabilityGrowth,Liability2AssetsLrGrowth
OverLiabilitySupport,Liability2AssetsLr
OverLiquidityIndustryDeviation,CurrentRatioIndustryDeviationLr
OverNetProfitIndustryDeviation,NetprofitIndustryDeviationTtm
OverNetProfitIndustryDeviation_v2,NetprofitIndustryDeviationTtm
OverNonOperIncomeRatio,NonOperIncome2NetProfitTtm
OverQuickLiquidityIndustryDeviation,QuickRatioIndustryDeviationLr
OverRecurNetProfitIndustryDeviation,RecurNetprofitIndustryDeviationTtm
OverRecurNetProfitIndustryDeviation_v2,RecurNetprofitIndustryDeviationTtm
OverRecurRoaIndustryDeviation,RecurRoaIndustryDeviationttm
OverRecurRoaIndustryDeviation_v2,RecurRoaIndustryDeviationttm
OverRoaIndustryDeviation,RoaIndustryDeviationttm
OverRoaIndustryDeviation_v2,RoaIndustryDeviationttm
ParentEquityAbnormal,
ParentEquityAbnormalSum,
ProfitAbnormal,OverNetProfitIndustryDeviation
ProfitAbnormal,OverRecurNetProfitIndustryDeviation
ProfitAbnormal,OverRecurRoaIndustryDeviation
ProfitAbnormal,OverRoaIndustryDeviation
ProfitAbnormal_v2,OverNetProfitIndustryDeviation_v2
ProfitAbnormal_v2,OverRecurNetProfitIndustryDeviation_v2
ProfitAbnormal_v2,OverRecurRoaIndustryDeviation_v2
ProfitAbnormal_v2,OverRoaIndustryDeviation_v2
QuarterRevenue,
QuarterRevenueAbnormal,
QuickRatio,
QuickRatioIndustryDeviationLr,
RateCurveConvex,
RateCurveSlope,
RawMaterials2InventoryRatiDev,
RawMaterials2InventoryRatio,
RawMaterials2InventoryRatioDeviation,
RealEstateRedLine_v2,CashEquivalents2ShortTermInterestBearDebt_v2
RealEstateRedLine_v2,DebtAssetRatioWithoutAdvReceipts_v2
RealEstateRedLine_v2,InterestBearingLiability2MergedEquity_v2
RecurNetprofitIndustryDeviationTtm,
RecurNetProfitSq,
RecurNetprofit_v2,
RecurRoaIndustryDeviationttm,
RecurRoaIndustryDeviationttmStar,
RefinanceAbnormal,FinanceAndInvestmentAmountConflict
RefinanceAbnormal,OverFinance
RefinanceAbnormal,RefinanceWithAbnormalPerformance
RefinanceAmount5Year,
RefinanceAndInvestmentAbnormal_new,FinanceAmount5YearLyr_new
RefinanceAndInvestmentAbnormal_new,InvestmentCashFlowOutCumu5YearLyr
RefinanceAndInvestmentAbnormal_newStar,FinanceAmount5YearLyr_newStar
RefinanceAndInvestmentAbnormal_newStar,InvestmentCashFlowOutCumu5YearLyrStar
RefinanceCount5Year,
RefinanceWithAbnormalPerformance,OperateRevenueGrowthSq
RefinanceWithAbnormalPerformance,RecurNetProfitSq
RegularAbnormal,AuditAbnormal
RegularAbnormal,OverGoodWill
RegularAbnormal,OverIntangibleAssets
RegularAbnormal_v2,AuditAbnormal
RegularAbnormal_v2,OverGoodWill_v2
RegularAbnormal_v2,OverIntangibleAssets
RestrictedCashRatio,
RetainedEarningAbnormal,RetainedEarningEquationLr
RetainedEarningEquationLr,
RevenueAbnormal,NegeRevenueGrowth
RevenueAbnormal,OverNonOperIncomeRatio
RevenueAbnormal,QuarterRevenueAbnormal
RevenueAbnormal,UnderNetOperateCashFlow2OperateProfit
RevenueAbnormal,UnderOperateCashIn2Revenue
RevenueAbnormal_v2,NegeRevenueGrowth
RevenueAbnormal_v2,OverNonOperIncomeRatio
RevenueAbnormal_v2,QuarterRevenueAbnormal
RevenueAbnormal_v2,UnderNetOperateCashFlow2OperateProfit_v2
RevenueAbnormal_v2,UnderOperateCashIn2Revenue_v2
RevenueAndARGrowthDeviationAbnormal,ARGrowthLr
RevenueAndARGrowthDeviationAbnormal,OperateRevenueGrowthTtm
RevenueCashabilityDeviation,
RevenueGrowthAbnormal,OperateRevenueGrowthLyr
RoaIndustryDeviationttm,
RoaIndustryDeviationttmStar,
ROIC,
SAFRExpenseAdjustDeviationLyr,
SAFRExpenseGrowthTtm,
SAFRExpenseGrowthTtmStar,
SAFRExpenseRatioGrowthLyr,
SAFRExpenseRatioGrowthTtm,
SAFRExpenseRatioTtm,
SAFRExpenseRatioTtmStar,
SalesCollectionRate,
SentimentScore,
ShortTermLoan2TotalAssetsDeviation,
slump_risk_predict,AdjustAbnormal
slump_risk_predict,AdvancedPaymentAbnormal
slump_risk_predict,AdvancedPaymentRatioLr
slump_risk_predict,ARGrowthLr
slump_risk_predict,ARTurnoverIndustryDeviationTtm
slump_risk_predict,AssetsAccountAbnormal
slump_risk_predict,AssetsAdjustDeviationLyr
slump_risk_predict,AssetsTurnoverIndustryDeviationLr
slump_risk_predict,AuditAbnormal
slump_risk_predict,CashAccountAbnormal
slump_risk_predict,CashAndLoanAbnormal
slump_risk_predict,CashflowAccountAbnormal
slump_risk_predict,CashRatioLr
slump_risk_predict,CashRecoveryRateIndustryDeviationTtm
slump_risk_predict,Cash_InteretMultiIndustryDeviationLyr
slump_risk_predict,ComputedInterestRatioLyr
slump_risk_predict,CurrentRatioIndustryDeviationLr
slump_risk_predict,DeferredExpenseAbnormalSignal
slump_risk_predict,DeferredExpenseGrowthLyr
slump_risk_predict,EBIT2InterestBearingDebtLyr
slump_risk_predict,EquotionAbnormal
slump_risk_predict,Expense2RevenueGrowthAbnormal
slump_risk_predict,ExpenseAndRevenueGrowthDeviation
slump_risk_predict,ExpenseCostAbnormal
slump_risk_predict,FinanceAndInvestmentAmountConflict
slump_risk_predict,GoodWill2NetAssetsLr
slump_risk_predict,Goodwill2ProfitLr
slump_risk_predict,GrossMarginAbnormal
slump_risk_predict,GrossMarginAndSAFRExpenseRatioAbnormal
slump_risk_predict,GrossMarginGrowthLyr
slump_risk_predict,GrossMarginIndustryDeviationTtm
slump_risk_predict,GrossMarginStdTtm
slump_risk_predict,GrossMarginTtm
slump_risk_predict,GrowthAbnormal
slump_risk_predict,IncomeTaxAbnormal
slump_risk_predict,IncomeTaxRateAbnormalLyr
slump_risk_predict,IntangibleRatioLr
slump_risk_predict,InterestBearingRatioLr
slump_risk_predict,InterestExpense2InterestBearingDebtLyr
slump_risk_predict,InterestRateDiff
slump_risk_predict,InteretMultiIndustryDeviationLyr
slump_risk_predict,InventoryAbnormal
slump_risk_predict,InventoryAndRevenueGrowthConflict
slump_risk_predict,InventoryOpreateRevenueGrwothDeviationTtm
slump_risk_predict,InventoryRatioLyr
slump_risk_predict,InventoryTurnoverAndGrossMarginConflict
slump_risk_predict,InventoryTurnoverGrowthLyr
slump_risk_predict,InventoryTurnoverIndustryDeviationTtm
slump_risk_predict,Liability2AssetsIndustryDeviationLr
slump_risk_predict,Liability2AssetsLr
slump_risk_predict,Liability2AssetsLrGrowth
slump_risk_predict,LiabilityAdjustDeviationLyr
slump_risk_predict,MarketShareLTGrowthLyr
slump_risk_predict,NegaMarketShareGrowth
slump_risk_predict,NegaNetAssetsGrowth
slump_risk_predict,NegeRevenueGrowth
slump_risk_predict,NetAssetsAdjustDeviationLyr
slump_risk_predict,NetAssetsGrwothLr
slump_risk_predict,NetOperateCashflow
slump_risk_predict,NetOperateCashflow2ARGrowthDeviation
slump_risk_predict,NetOperateCashFlow2ARGrwothTtm
slump_risk_predict,NetOperateCashFlow2NetOperateProfitTtm
slump_risk_predict,NetOperateCashflowAbnormal
slump_risk_predict,NetOperateCashflowCumu5Year
slump_risk_predict,NetOperateCashFlowGrowth2RevenueGrwothTtm
slump_risk_predict,NetprofitIndustryDeviationTtm
slump_risk_predict,NonOperIncome2NetProfitTtm
slump_risk_predict,OperateCashFlowIn2RevenueGrowthTtm
slump_risk_predict,OperateCashflowInAbnormal
slump_risk_predict,OperateCashFlowInAdjustDeviationLyr
slump_risk_predict,OperateCashIn2RevenuGrwothConflict
slump_risk_predict,OperateProfitAbnormal
slump_risk_predict,OperateProfitAdjustDeviationLyr
slump_risk_predict,OperateProfitLyr
slump_risk_predict,OperateRevenueAdjustDeviationLyr
slump_risk_predict,OperateRevenueGrowthLyr
slump_risk_predict,OperateRevenueGrowthTtm
slump_risk_predict,OperationAbnormal
slump_risk_predict,OpinionAbnormal
slump_risk_predict,ORMergeAndParentDevationAbnormal
slump_risk_predict,OtherARAbnroaml
slump_risk_predict,OtherARRatioLr
slump_risk_predict,OtherCurrentAssetsAbnormal
slump_risk_predict,OtherCurrentAssetsRatioGrwothLr
slump_risk_predict,OtherCurrentAssetsRatioLr
slump_risk_predict,OverARTurnoverIndustryDeviation
slump_risk_predict,OverAssetsTurnoverIndustryDeviation
slump_risk_predict,OverCashInterestMultipleIndustryDeviation
slump_risk_predict,OverCashRecoveryRateIndustryDeviation
slump_risk_predict,OverGoodWill
slump_risk_predict,OverGrossMarginIndustryDeviation
slump_risk_predict,OverGrossMarginStd
slump_risk_predict,OverIntangibleAssets
slump_risk_predict,OverInterestExpense2InterestBearingDebt
slump_risk_predict,OverInterestMultipleIndustryDeviation
slump_risk_predict,OverInventoryTurnoverDeviation
slump_risk_predict,OverLeverageIndusstryDeviation
slump_risk_predict,OverLiabilityGrowth
slump_risk_predict,OverLiabilitySupport
slump_risk_predict,OverLiquidityIndustryDeviation
slump_risk_predict,OverNetProfitIndustryDeviation
slump_risk_predict,OverNonOperIncomeRatio
slump_risk_predict,OverQuickLiquidityIndustryDeviation
slump_risk_predict,OverRecurNetProfitIndustryDeviation
slump_risk_predict,OverRecurRoaIndustryDeviation
slump_risk_predict,OverRoaIndustryDeviation
slump_risk_predict,ParentEquityAbnormal
slump_risk_predict,ProfitAbnormal
slump_risk_predict,QuarterRevenueAbnormal
slump_risk_predict,QuickRatioIndustryDeviationLr
slump_risk_predict,RecurNetprofitIndustryDeviationTtm
slump_risk_predict,RecurRoaIndustryDeviationttm
slump_risk_predict,RegularAbnormal
slump_risk_predict,RevenueAbnormal
slump_risk_predict,RevenueAndARGrowthDeviationAbnormal
slump_risk_predict,RevenueGrowthAbnormal
slump_risk_predict,RoaIndustryDeviationttm
slump_risk_predict,SAFRExpenseAdjustDeviationLyr
slump_risk_predict,SAFRExpenseGrowthTtm
slump_risk_predict,SAFRExpenseRatioGrowthLyr
slump_risk_predict,SAFRExpenseRatioGrowthTtm
slump_risk_predict,SAFRExpenseRatioTtm
slump_risk_predict,SolvencyAbnormal
slump_risk_predict,STDebt2CurrentLiabilityLr
slump_risk_predict,STLoan2CashLr
slump_risk_predict,TaxAbnormal
slump_risk_predict,UnderCashRatio
slump_risk_predict,UnderEBIT2InterestBearingDebt
slump_risk_predict,UnderInterestRate
slump_risk_predict,UnderNetOperateCashFlow2OperateProfit
slump_risk_predict,UnderOperateCashIn2Revenue
slump_risk_training,
SolvencyAbnormal,OverInterestExpense2InterestBearingDebt
SolvencyAbnormal,OverInterestMultipleIndustryDeviation
SolvencyAbnormal,OverLeverageIndusstryDeviation
SolvencyAbnormal,OverLiquidityIndustryDeviation
SolvencyAbnormal,OverQuickLiquidityIndustryDeviation
SolvencyAbnormal,UnderEBIT2InterestBearingDebt
SolvencyAbnormal_v2,OverInterestExpense2InterestBearingDebt
SolvencyAbnormal_v2,OverInterestMultipleIndustryDeviation
SolvencyAbnormal_v2,OverLeverageIndusstryDeviation
SolvencyAbnormal_v2,OverLiabilityGrowth
SolvencyAbnormal_v2,OverLiabilitySupport
SolvencyAbnormal_v2,OverLiquidityIndustryDeviation
SolvencyAbnormal_v2,OverQuickLiquidityIndustryDeviation
SolvencyAbnormal_v2,ParentEquityAbnormal
SolvencyAbnormal_v2,RealEstateRedLine_v2
SolvencyAbnormal_v2,UnderEBIT2InterestBearingDebt
SPandRevenueGrowthConflict,SPandRevenueGrowthDeviationLyr
SPandRevenueGrowthDeviationLyr,
stacking_scoring_model_v2,expert_scoring_model_v2
stacking_scoring_model_v2,IFEffect_v2
stacking_scoring_model_v2,machine_scoring_model_v2
STDebt2CurrentLiabilityLr,
STDebt2CurrentLiabilityLrStar,
std_upside_1m_21d_std_ratio,
STLoan2CashLr,
STLoan2CashLrStar,
style_allocation_ability,dep_style_allocation_ability
style_shift_ability,dep_style_shift_ability
SW3,
TaxAbnormal,IncomeTaxAbnormal
TaxAbnormal_v2,IncomeTaxAbnormal
TermStability,
test0628,
test0629,test0628
test_03_indi_p,
test_high_yield_bond_download,fin_notes_asset_debt_1
test_high_yield_bond_download,fin_notes_asset_debt_2
test_high_yield_bond_download,fin_notes_gov_relation
test_high_yield_bond_download,fin_notes_profit
test_high_yield_bond_download,fin_notes_related_trade
test_high_yield_bond_download,fin_notes_restricted_asset
test_update_20220330,
test_zdf_0010,
TM_model_stock_selection_ability,
TotalSharesAbove5PercentShareholders,
trendstrength_1m_21d_mean,
t_cll_001,
UnderCashRatio,CashRatioLr
UnderEBIT2InterestBearingDebt,EBIT2InterestBearingDebtLyr
UnderInterestRate,ComputedInterestRatioLyr
UnderInterestRate_v2,ComputedInterestRatioLyr
UnderNetOperateCashFlow2OperateProfit,NetOperateCashFlow2NetOperateProfitTtm
UnderNetOperateCashFlow2OperateProfit_v2,NetOperateCashFlow2NetOperateProfitTtm
UnderOperateCashIn2Revenue,NetOperateCashFlowGrowth2RevenueGrwothTtm
UnderOperateCashIn2Revenue_v2,NetOperateCashFlowGrowth2RevenueGrwothTtm_v2
vote_AdvancedPaymentAbnormal_v2,AdvancedPaymentRatioLr
vote_AuditAbnormal_v2,OpinionAbnormal
vote_Expense2RevenueGrowthAbnormal_v2,SAFRExpenseRatioGrowthTtm
vote_InventoryAbnormal_v2,InventoryRatioLyr
vote_NegeRevenueGrowth_v2,OperateRevenueGrowthTtm
vote_OtherARAbnroaml_v2,OtherARRatioLr
vote_OverLiabilitySupport_v2,Liability2AssetsLr
vote_UnderCashRatio_v2,CashRatioLr
vote_UnderEBIT2InterestBearingDebt_v2,EBIT2InterestBearingDebtLyr
WorkingCapitalTurnoverRate,
WorkingCapitalTurnoverRateDev,
WorkingCapitalTurnoverRateDeviation,
yjl_InterestBearingDebt3YearCompoundGrowthRate,
yjl_InterestBearingDebtAndInvestmentCashOutflowRatioGrowthDifference,
yjl_InvestmentCashOutflowRatio3YearCompoundGrowthRate,
